Feature,Importance
AMH,0.32355813979436626
AFC,0.24273280148260223
n_Follicles,0.21493807939935788
E2_day5,0.08991077691520274
Age,0.0780016590789818
cycle_number,0.02291126462565689
Protocol_Flexible Antagonist,0.015370358124276874
Protocol_Fixed Antagonist,0.012576920579555322
